<msdyn_dataflowtemplate msdyn_dataflowtemplateid="fb6ee8dd-b84c-4599-adb6-1812b3878052" msdyn_uniquename="msm_sustainabilityPurchasedEC-DemoTemplate">
  <iscustomizable>1</iscustomizable>
  <msdyn_category>msdyn_sustainability</msdyn_category>
  <msdyn_configuration>{"msdyn_sustainability":{"dataDefintions":"35c356cc-3edb-44aa-8243-9ad44f4d6ed4","dataDefintionNames":"Purchased electricity","map":{"PurchasedElectricity":"{\"fields\":[{\"destinationField\":\"msdyn_name\",\"sourceField\":\"Name\",\"isCustomDimension\":false},{\"destinationField\":\"msdyn_description\",\"sourceField\":\"Description\",\"isCustomDimension\":false},{\"destinationField\":\"msdyn_evidence\",\"sourceField\":\"Evidence\",\"isCustomDimension\":false},{\"destinationField\":\"msdyn_organizationalunitid\",\"sourceField\":\"OrganizationalUnit\",\"isCustomDimension\":false},{\"destinationField\":\"msdyn_facilityid\",\"sourceField\":\"Facility\",\"isCustomDimension\":false},{\"destinationField\":\"msdyn_isrenewable\",\"sourceField\":\"IsRenewable\",\"isCustomDimension\":false},{\"destinationField\":\"msdyn_consumptionenddate\",\"sourceField\":\"ConsumptionEndDate\",\"isCustomDimension\":false},{\"destinationField\":\"msdyn_consumptionstartdate\",\"sourceField\":\"ConsumptionStartDate\",\"isCustomDimension\":false},{\"destinationField\":\"msdyn_quantity\",\"sourceField\":\"Quantity\",\"isCustomDimension\":false},{\"destinationField\":\"msdyn_quantityunit\",\"sourceField\":\"QuantityUnit\",\"isCustomDimension\":false},{\"destinationField\":\"msdyn_dataqualitytype\",\"sourceField\":\"DataQualityType\",\"isCustomDimension\":false},{\"destinationField\":\"msdyn_cost\",\"sourceField\":\"Cost\",\"isCustomDimension\":false},{\"destinationField\":\"msdyn_costunit\",\"sourceField\":\"CostUnit\",\"isCustomDimension\":false},{\"destinationField\":\"msdyn_origincorrelationid\",\"sourceField\":\"OriginCorrelationID\",\"isCustomDimension\":false},{\"destinationField\":\"msdyn_transactiondate\",\"sourceField\":\"TransactionDate\",\"isCustomDimension\":false},{\"destinationField\":\"msdyn_spendtypeid\",\"sourceField\":\"EnergyType\",\"isCustomDimension\":false},{\"destinationField\":\"msdyn_contractualinstrumenttypeid\",\"sourceField\":\"name.1\",\"isCustomDimension\":false},{\"destinationField\":\"msdyn_energyprovidername\",\"sourceField\":\"Provider\",\"isCustomDimension\":false},{\"sourceField\":\"Model\",\"destinationField\":\"Model\",\"isCustomDimension\":true},{\"sourceField\":\"DeviceSize\",\"destinationField\":\"Device Size\",\"isCustomDimension\":true},{\"sourceField\":\"Product\",\"destinationField\":\"Product\",\"isCustomDimension\":true},{\"sourceField\":\"Organic\",\"destinationField\":\"Organic\",\"isCustomDimension\":true},{\"sourceField\":\"ProductionAmplifier\",\"destinationField\":\"Production Amplifier\",\"isCustomDimension\":true},{\"sourceField\":\"Connection\",\"destinationField\":\"Coffee Type\",\"isCustomDimension\":true}]}"},"mapSdds":{"PurchasedElectricity":"35c356cc-3edb-44aa-8243-9ad44f4d6ed4"}}}</msdyn_configuration>
  <msdyn_isdisabled>0</msdyn_isdisabled>
  <msdyn_mashupdocument>{"hostContext":{"type":"SustainabilityCloud","details":{"EnvironmentId":"88aad15d-759a-e904-a1ac-86eee02f5210"}},"mashupName":"Sustainability-+05300722185706778","mashupDocument":"section Section1;\r\nshared ContractedFirm = let\r\n  Source = Sql.Database(\"sqlservermcfs227.database.windows.net\", \"sqldbmcfs227\"),\r\n  #\"Navigation 1\" = Source{[Schema = \"dbo\", Item = \"ContractedFirm\"]}[Data],\r\n  #\"Remove columns\" = Table.RemoveColumns(#\"Navigation 1\", Table.ColumnsOfType(#\"Navigation 1\", {type table, type record, type list, type nullable binary, type binary, type function}))\r\nin\r\n  #\"Remove columns\";\r\nshared PurchasedElectricity = let\n  Source = Sql.Database(ServerUrl, DBName),\n  #\"Navigation 1\" = Source{[Schema = \"dbo\", Item = \"PurchasedElectricity\"]}[Data],\n  #\"Expanded ContractedFirm(ContractedFirm)\" = Table.ExpandRecordColumn(#\"Navigation 1\", \"ContractedFirm(ContractedFirm)\", {\"name\"}, {\"name.1\"})\nin\n  #\"Expanded ContractedFirm(ContractedFirm)\";\r\nshared ServerUrl = \"sqlservermcfs227.database.windows.net\" meta [IsParameterQuery = true, IsParameterQueryRequired = true, Type = type text];\r\nshared DBName = \"sqldbmcfs227\" meta [IsParameterQuery = true, IsParameterQueryRequired = true, Type = type any];\r\n","queryGroups":[],"documentLocale":"en-US","gatewayObjectId":null,"queriesMetadata":{"ContractedFirm":{"queryId":"e81260fa-c85a-488d-a935-2281f1268fbf","queryName":"ContractedFirm","queryGroupId":null,"entityName":null,"lastKnownIsCalculatedEntity":false,"lastKnownIsLinkedEntity":false,"lastKnownIsParameter":false,"isHidden":false,"lastKnownResultTypeName":"table","loadEnabled":true,"fieldsMetadata":{},"deleteExistingDataOnLoad":false,"hostProperties":{},"jsonOutputDestinations":null,"bindToDefaultOutputDestination":null,"jsonIncrementalRefreshSettings":null,"stagingDefinition":null},"PurchasedElectricity":{"queryId":"684110da-3761-45e5-af6e-59705c2c434d","queryName":"PurchasedElectricity","queryGroupId":null,"entityName":null,"lastKnownIsCalculatedEntity":false,"lastKnownIsLinkedEntity":false,"lastKnownIsParameter":false,"isHidden":false,"lastKnownResultTypeName":"table","loadEnabled":true,"fieldsMetadata":{},"deleteExistingDataOnLoad":false,"hostProperties":{},"jsonOutputDestinations":null,"bindToDefaultOutputDestination":null,"jsonIncrementalRefreshSettings":null,"stagingDefinition":null},"ServerUrl":{"queryId":"67e1f9ac-7415-4389-b608-03b107fce6fd","queryName":"ServerUrl","queryGroupId":null,"entityName":null,"lastKnownIsCalculatedEntity":false,"lastKnownIsLinkedEntity":false,"lastKnownIsParameter":true,"isHidden":false,"lastKnownResultTypeName":"text","loadEnabled":false,"fieldsMetadata":{},"deleteExistingDataOnLoad":false,"hostProperties":{},"jsonOutputDestinations":null,"bindToDefaultOutputDestination":null,"jsonIncrementalRefreshSettings":null,"stagingDefinition":null},"DBName":{"queryId":"de294fd6-f9c5-4941-aabe-fba3f7ffdebd","queryName":"DBName","queryGroupId":null,"entityName":null,"lastKnownIsCalculatedEntity":false,"lastKnownIsLinkedEntity":false,"lastKnownIsParameter":true,"isHidden":false,"lastKnownResultTypeName":"text","loadEnabled":false,"fieldsMetadata":{},"deleteExistingDataOnLoad":false,"hostProperties":{},"jsonOutputDestinations":null,"bindToDefaultOutputDestination":null,"jsonIncrementalRefreshSettings":null,"stagingDefinition":null}},"connectionOverrides":[{"path":"sqlservermcfs227.database.windows.net;sqldbmcfs227","kind":"SQL","provider":"PowerApps","environmentName":"88aad15d-759a-e904-a1ac-86eee02f5210","apiName":"sql","connectionName":"fe6a26425e9d4eac8c537a73c04805b7","credentialDetails":{},"connectionParameters":{},"privacyGroup":"None"}],"trustedConnections":null,"useHostConnectionProvider":false,"fastCombine":false,"allowNativeQueries":false,"allowedModules":null,"skipAutomaticTypeAndHeaderDetection":false,"disableAutoAnonymousConnectionUpsert":null,"hostProperties":null,"defaultOutputDestinationConfiguration":null,"stagingDefinition":null}</msdyn_mashupdocument>
  <msdyn_templatename>PurchasedEC-DemoTemplate</msdyn_templatename>
  <msdyn_templatestate>100000002</msdyn_templatestate>
  <msdyn_templateversion>1.0</msdyn_templateversion>
  <statecode>0</statecode>
  <statuscode>1</statuscode>
</msdyn_dataflowtemplate>