<ImportExportXml version="9.2.24094.228" SolutionPackageVersion="9.2" languagecode="1033" generatedBy="CrmLive" xmlns:xsi="http://www.w3.org/2001/XMLSchema-instance" OrganizationVersion="9.2.24094.228" OrganizationSchemaType="Standard" CRMServerServiceabilityVersion="9.2.24094.00228">
  <SolutionManifest>
    <UniqueName>DemoConnector</UniqueName>
    <LocalizedNames>
      <LocalizedName description="Demo Connector" languagecode="1033" />
    </LocalizedNames>
    <Descriptions />
    <Version>1.0.0.10</Version>
    <Managed>0</Managed>
    <Publisher>
      <UniqueName>Cr26cae</UniqueName>
      <LocalizedNames>
        <LocalizedName description="CDS Default Publisher" languagecode="1033" />
      </LocalizedNames>
      <Descriptions />
      <EMailAddress xsi:nil="true"></EMailAddress>
      <SupportingWebsiteUrl xsi:nil="true"></SupportingWebsiteUrl>
      <CustomizationPrefix>crb52</CustomizationPrefix>
      <CustomizationOptionValuePrefix>68703</CustomizationOptionValuePrefix>
      <Addresses>
        <Address>
          <AddressNumber>1</AddressNumber>
          <AddressTypeCode xsi:nil="true"></AddressTypeCode>
          <City xsi:nil="true"></City>
          <County xsi:nil="true"></County>
          <Country xsi:nil="true"></Country>
          <Fax xsi:nil="true"></Fax>
          <FreightTermsCode xsi:nil="true"></FreightTermsCode>
          <ImportSequenceNumber xsi:nil="true"></ImportSequenceNumber>
          <Latitude xsi:nil="true"></Latitude>
          <Line1 xsi:nil="true"></Line1>
          <Line2 xsi:nil="true"></Line2>
          <Line3 xsi:nil="true"></Line3>
          <Longitude xsi:nil="true"></Longitude>
          <Name xsi:nil="true"></Name>
          <PostalCode xsi:nil="true"></PostalCode>
          <PostOfficeBox xsi:nil="true"></PostOfficeBox>
          <PrimaryContactName xsi:nil="true"></PrimaryContactName>
          <ShippingMethodCode xsi:nil="true"></ShippingMethodCode>
          <StateOrProvince xsi:nil="true"></StateOrProvince>
          <Telephone1 xsi:nil="true"></Telephone1>
          <Telephone2 xsi:nil="true"></Telephone2>
          <Telephone3 xsi:nil="true"></Telephone3>
          <TimeZoneRuleVersionNumber xsi:nil="true"></TimeZoneRuleVersionNumber>
          <UPSZone xsi:nil="true"></UPSZone>
          <UTCOffset xsi:nil="true"></UTCOffset>
          <UTCConversionTimeZoneCode xsi:nil="true"></UTCConversionTimeZoneCode>
        </Address>
        <Address>
          <AddressNumber>2</AddressNumber>
          <AddressTypeCode xsi:nil="true"></AddressTypeCode>
          <City xsi:nil="true"></City>
          <County xsi:nil="true"></County>
          <Country xsi:nil="true"></Country>
          <Fax xsi:nil="true"></Fax>
          <FreightTermsCode xsi:nil="true"></FreightTermsCode>
          <ImportSequenceNumber xsi:nil="true"></ImportSequenceNumber>
          <Latitude xsi:nil="true"></Latitude>
          <Line1 xsi:nil="true"></Line1>
          <Line2 xsi:nil="true"></Line2>
          <Line3 xsi:nil="true"></Line3>
          <Longitude xsi:nil="true"></Longitude>
          <Name xsi:nil="true"></Name>
          <PostalCode xsi:nil="true"></PostalCode>
          <PostOfficeBox xsi:nil="true"></PostOfficeBox>
          <PrimaryContactName xsi:nil="true"></PrimaryContactName>
          <ShippingMethodCode xsi:nil="true"></ShippingMethodCode>
          <StateOrProvince xsi:nil="true"></StateOrProvince>
          <Telephone1 xsi:nil="true"></Telephone1>
          <Telephone2 xsi:nil="true"></Telephone2>
          <Telephone3 xsi:nil="true"></Telephone3>
          <TimeZoneRuleVersionNumber xsi:nil="true"></TimeZoneRuleVersionNumber>
          <UPSZone xsi:nil="true"></UPSZone>
          <UTCOffset xsi:nil="true"></UTCOffset>
          <UTCConversionTimeZoneCode xsi:nil="true"></UTCConversionTimeZoneCode>
        </Address>
      </Addresses>
    </Publisher>
    <RootComponents>
      <RootComponent type="1" schemaName="crb52_customconnectormap" behavior="0" />
      <RootComponent type="29" id="{ea207046-8f6f-ef11-a670-000d3a1f0de8}" behavior="0" />
    </RootComponents>
    <MissingDependencies>
      <MissingDependency>
        <Required type="1" schemaName="msdyn_dataconnection" displayName="Connection" solution="msdyn_SustainabilityApplication (2.23.0.313)">
          <package>msdyn_SustainabilityPremiumAnchor (2.23.0.313)</package>
        </Required>
        <Dependent type="29" displayName="Connector Flow - Prepare and Submit Data" id="{ea207046-8f6f-ef11-a670-000d3a1f0de8}" />
      </MissingDependency>
      <MissingDependency>
        <Required type="1" schemaName="msdyn_dataconnectionrefresh" displayName="Connection refresh" solution="msdyn_SustainabilityApplication (2.23.0.313)">
          <package>msdyn_SustainabilityPremiumAnchor (2.23.0.313)</package>
        </Required>
        <Dependent type="29" displayName="Connector Flow - Prepare and Submit Data" id="{ea207046-8f6f-ef11-a670-000d3a1f0de8}" />
      </MissingDependency>
      <MissingDependency>
        <Required type="1" schemaName="msdyn_dataimportjob" displayName="Data import job" solution="msdyn_SustainabilityApplication (2.23.0.313)">
          <package>msdyn_SustainabilityPremiumAnchor (2.23.0.313)</package>
        </Required>
        <Dependent type="29" displayName="Connector Flow - Prepare and Submit Data" id="{ea207046-8f6f-ef11-a670-000d3a1f0de8}" />
      </MissingDependency>
      <MissingDependency>
        <Required type="1" schemaName="msdyn_sustainabilitydataconnectionmap" displayName="Sustainability data connection map" solution="msdyn_SustainabilityApplication (2.23.0.313)">
          <package>msdyn_SustainabilityPremiumAnchor (2.23.0.313)</package>
        </Required>
        <Dependent type="29" displayName="Connector Flow - Prepare and Submit Data" id="{ea207046-8f6f-ef11-a670-000d3a1f0de8}" />
      </MissingDependency>
    </MissingDependencies>
  </SolutionManifest>
</ImportExportXml>